City_ID,City,Country,Lat,Lng,Max Temp,Humidity,Cloudiness,Wind Speed,Current Description
0,Yellowknife,CA,62.456,-114.3525,75.72,25,75,17.27,broken clouds
1,Ushuaia,AR,-54.8,-68.3,33.66,86,84,12.26,broken clouds
2,Punta Arenas,CL,-53.15,-70.9167,48.31,49,0,18.41,clear sky
3,Saint-Philippe,RE,-21.3585,55.7679,69.39,70,51,9.08,broken clouds
4,Busselton,AU,-33.65,115.3333,54.5,72,100,9.26,overcast clouds
5,Kaspiysk,RU,42.8816,47.6392,71.78,68,78,13.42,broken clouds
6,Atuona,PF,-9.8,-139.0333,78.26,73,62,15.21,broken clouds
7,Kapaa,US,22.0752,-159.319,82.38,71,75,11.5,broken clouds
8,Vaini,TO,-21.2,-175.2,80.76,74,20,4.61,few clouds
9,Eureka,US,40.8021,-124.1637,67.39,90,78,8.43,broken clouds
10,Saskylakh,RU,71.9167,114.0833,35.38,60,29,9.42,scattered clouds
11,Iberia,US,29.9502,-91.7507,88.05,65,0,9.22,thunderstorm
12,Wewak,PG,-3.5534,143.6268,81.1,77,39,4.36,scattered clouds
13,Lebu,CL,-37.6167,-73.65,52.12,93,100,6.89,overcast clouds
14,Cape Town,ZA,-33.9258,18.4232,65.12,69,0,3.44,clear sky
15,Newport,GB,51.5877,-2.9984,54.77,92,100,6.42,overcast clouds
16,Hasaki,JP,35.7333,140.8333,61.2,85,100,11.56,light rain
17,Caririacu,BR,-7.0422,-39.2836,73.49,78,40,8.05,scattered clouds
18,Mataura,NZ,-46.1927,168.8643,45.48,74,0,3.27,clear sky
19,Albany,US,42.6001,-73.9662,74.05,42,11,6.73,few clouds
20,Port Blair,IN,11.6667,92.75,78.55,87,100,9.24,overcast clouds
21,Tuktoyaktuk,CA,69.4541,-133.0374,32.41,74,36,8.57,scattered clouds
22,Souillac,MU,-20.5167,57.5167,73.78,78,75,8.05,light rain
23,Pareora,NZ,-44.4871,171.2132,55.18,92,24,2.01,few clouds
24,Ancud,CL,-41.8697,-73.8203,48.29,90,100,21.65,moderate rain
25,Noumea,NC,-22.2763,166.4572,75.18,99,0,1.63,clear sky
26,Arraial Do Cabo,BR,-22.9661,-42.0278,67.86,60,0,8.05,clear sky
27,Naryan-Mar,RU,67.6713,53.087,50.2,51,12,11.83,few clouds
28,Hermanus,ZA,-34.4187,19.2345,56.8,56,18,8.23,few clouds
29,Udachnyy,RU,66.4167,112.4,46.45,75,100,11.03,overcast clouds
30,Rikitea,PF,-23.1203,-134.9692,73.58,78,17,17.72,light rain
31,Tuatapere,NZ,-46.1333,167.6833,51.35,81,18,5.53,few clouds
32,New Norfolk,AU,-42.7826,147.0587,51.71,79,97,5.01,overcast clouds
33,Bethel,US,41.3712,-73.414,75.36,34,0,9.22,clear sky
34,Glushkovo,RU,51.3392,34.6328,50.68,91,0,8.01,clear sky
35,Vieste,IT,41.8825,16.175,80.11,52,96,11.43,overcast clouds
36,Camocim,BR,-2.9022,-40.8411,76.15,91,74,10.85,broken clouds
37,Ponta Do Sol,PT,32.6667,-17.1,66.83,78,9,2.51,clear sky
38,Rawson,AR,-43.3002,-65.1023,51.33,48,100,8.1,overcast clouds
39,Dikson,RU,73.5069,80.5464,30.04,97,100,7.85,snow
40,Rocha,UY,-34.4833,-54.3333,53.08,93,100,2.68,overcast clouds
41,Chokurdakh,RU,70.6333,147.9167,51.51,36,38,9.66,scattered clouds
42,Bambous Virieux,MU,-20.3428,57.7575,73.65,78,75,8.05,light rain
43,Castro,BR,-24.7911,-50.0119,55.51,89,86,3.44,overcast clouds
44,Avarua,CK,-21.2078,-159.775,82.45,78,17,6.91,few clouds
45,Luanda,AO,-8.8368,13.2343,70.16,88,87,6.42,overcast clouds
46,Waingapu,ID,-9.6567,120.2641,78.06,81,54,4.41,broken clouds
47,Kavieng,PG,-2.5744,150.7967,82.76,69,42,5.23,scattered clouds
48,Airai,TL,-8.9266,125.4092,61.14,85,98,2.39,overcast clouds
49,Hobart,AU,-42.8794,147.3294,52.05,67,75,9.22,broken clouds
50,Tilichiki,RU,60.4667,166.1,45.86,81,96,7.7,overcast clouds
51,Pastavy,BY,55.1168,26.8326,51.04,89,56,3.83,broken clouds
52,Ulladulla,AU,-35.35,150.4667,52.7,60,26,18.28,scattered clouds
53,Nikolskoye,RU,59.7035,30.7861,57.09,77,94,6.31,overcast clouds
54,Bossangoa,CF,6.4926,17.4552,68.68,95,86,2.08,moderate rain
55,Namatanai,PG,-3.6667,152.4333,82.53,71,71,3.29,broken clouds
56,Kruisfontein,ZA,-34.0033,24.7314,52.88,84,17,5.3,few clouds
57,Road Town,VG,18.4167,-64.6167,84.29,74,20,6.91,few clouds
58,Bluff,NZ,-46.6,168.3333,45.81,78,9,9.48,clear sky
59,Ribeira Grande,PT,38.5167,-28.7,65.8,96,96,11.25,overcast clouds
60,Longyearbyen,SJ,78.2186,15.6401,42.64,87,75,9.22,broken clouds
61,Broome,US,42.2506,-75.833,72.55,37,100,1.99,overcast clouds
62,Berezovyy,RU,51.6667,135.7,66.09,45,10,2.06,clear sky
63,Batticaloa,LK,7.7102,81.6924,78.21,83,100,6.55,overcast clouds
64,Hithadhoo,MV,-0.6,73.0833,82.87,69,61,5.44,broken clouds
65,Mar Del Plata,AR,-38.0023,-57.5575,51.1,91,96,0.0,fog
66,Sorland,NO,67.667,12.6934,44.46,66,78,20.87,broken clouds
67,Suileng,CN,47.25,127.0833,57.69,59,50,18.88,light rain
68,Nanortalik,GL,60.1432,-45.2371,42.91,76,88,2.59,overcast clouds
69,Bredasdorp,ZA,-34.5322,20.0403,54.48,79,8,4.12,clear sky
70,Atar,MR,20.5169,-13.0499,91.94,13,100,15.75,overcast clouds
71,Dalton,US,34.7698,-84.9702,85.51,51,0,8.05,clear sky
72,Petropavlovsk-Kamchatskiy,RU,53.0452,158.6483,57.79,47,75,15.66,broken clouds
73,Northam,GB,51.0333,-4.2167,55.26,96,89,2.82,overcast clouds
74,Polyarnyy,RU,69.1989,33.4478,44.22,96,100,17.85,light rain
75,Uddevalla,SE,58.3478,11.9424,53.08,91,100,1.92,overcast clouds
76,Sankt Florian,AT,48.2057,14.3784,62.83,90,100,12.66,overcast clouds
77,Carnarvon,AU,-24.8667,113.6333,65.21,51,0,7.0,clear sky
78,San Rafael,AR,-34.6177,-68.3301,52.36,47,32,5.39,scattered clouds
79,Kavaratti,IN,10.5669,72.642,82.74,76,100,12.26,overcast clouds
80,Kommunar,RU,59.6206,30.39,56.73,80,90,7.58,overcast clouds
81,Sarh,TD,9.1429,18.3923,80.51,89,0,0.0,clear sky
82,Kutum,SD,14.2,24.6667,80.85,16,75,10.2,broken clouds
83,Bosaso,SO,11.2842,49.1816,86.76,59,94,3.36,overcast clouds
84,Slave Lake,CA,55.2834,-114.769,69.78,28,0,17.27,clear sky
85,Talaja,IN,21.35,72.05,82.96,67,40,9.78,scattered clouds
86,Santa Comba,ES,43.0331,-8.8093,59.09,95,97,4.83,overcast clouds
87,Mahebourg,MU,-20.4081,57.7,73.69,78,75,8.05,broken clouds
88,Pangnirtung,CA,66.1451,-65.7125,37.9,87,47,0.94,scattered clouds
89,Luau,AO,-10.7073,22.2247,54.03,55,0,4.83,clear sky
90,Saint-Augustin,CA,51.226,-58.6502,51.17,76,100,9.53,overcast clouds
91,Alcanena,PT,39.459,-8.6689,62.02,94,54,6.29,broken clouds
92,Shu,KZ,43.5983,73.7614,61.11,40,38,5.32,scattered clouds
93,Batemans Bay,AU,-35.7167,150.1833,54.1,57,30,15.37,scattered clouds
94,Ubala,CO,4.7478,-72.5369,75.69,88,53,3.74,broken clouds
95,Jamestown,US,42.097,-79.2353,67.95,36,100,5.99,overcast clouds
96,General Roca,AR,-39.0333,-67.5833,52.63,45,18,11.74,few clouds
97,Suraabad,AZ,40.8192,49.4687,70.16,65,0,4.61,clear sky
98,Port Alfred,ZA,-33.5906,26.891,58.17,89,10,15.39,clear sky
99,Lompoc,US,34.6391,-120.4579,88.57,72,0,25.99,clear sky
100,Port Macquarie,AU,-31.4333,152.9167,56.89,58,27,6.53,scattered clouds
101,Bengkulu,ID,-3.8004,102.2655,76.8,83,100,3.83,overcast clouds
102,Teya,RU,60.3778,92.6267,43.39,71,100,1.45,overcast clouds
103,Qaanaaq,GL,77.484,-69.3632,30.72,77,0,2.93,clear sky
104,Tsaratanana,MG,-16.7833,47.65,68.0,75,100,6.89,overcast clouds
105,Synya,RU,65.3718,58.0387,44.8,58,1,4.03,clear sky
106,San Jose,US,37.3394,-121.895,81.68,59,75,12.66,broken clouds
107,Lata,PT,40.1629,-8.3327,53.13,95,35,1.59,scattered clouds
108,Drumnadrochit,GB,57.3344,-4.4799,52.63,96,59,1.36,broken clouds
109,Chapais,CA,49.7834,-74.8492,55.18,94,100,3.65,overcast clouds
110,Cangucu,BR,-31.395,-52.6756,56.41,99,100,2.39,overcast clouds
111,Cidreira,BR,-30.1811,-50.2056,62.19,96,100,9.26,overcast clouds
112,Thessalon,CA,46.2501,-83.5666,62.89,91,64,3.2,broken clouds
113,Vestmannaeyjar,IS,63.4427,-20.2734,49.78,95,100,13.53,light rain
114,Sur,OM,22.5667,59.5289,85.89,54,0,9.35,clear sky
115,Monrovia,LR,6.3005,-10.7969,78.91,83,100,6.49,overcast clouds
116,Mitsamiouli,KM,-11.3847,43.2844,78.06,73,55,13.15,light rain
117,Dudinka,RU,69.4058,86.1778,29.62,67,7,8.59,clear sky
118,Faanui,PF,-16.4833,-151.75,79.43,77,73,14.29,broken clouds
119,Buraydah,SA,26.326,43.975,82.85,8,14,4.85,few clouds
120,Sao Gabriel Da Cachoeira,BR,-0.1303,-67.0892,73.51,97,46,2.39,scattered clouds
121,Prince Rupert,CA,54.3161,-130.3201,58.69,87,100,4.61,overcast clouds
122,Butaritari,KI,3.0707,172.7902,81.59,73,75,12.33,broken clouds
123,Ovalle,CL,-30.5983,-71.2003,61.14,45,73,2.06,broken clouds
124,Ostrovnoy,RU,68.0531,39.5131,52.88,86,99,3.71,overcast clouds
125,Mount Isa,AU,-20.7333,139.5,64.17,63,75,8.05,broken clouds
126,Roura,GF,4.7263,-52.3274,78.71,83,75,9.22,broken clouds
127,Sivaki,RU,52.6333,126.75,64.45,48,35,7.05,scattered clouds
128,Severo-Kurilsk,RU,50.6789,156.125,45.73,80,77,5.17,broken clouds
129,Puerto Ayora,EC,-0.7393,-90.3518,75.16,90,97,7.0,overcast clouds
130,Nalut,LY,30.3333,10.85,82.4,24,0,9.4,clear sky
131,Coahuayana,MX,18.7333,-103.6833,84.54,63,59,5.97,broken clouds
132,Namibe,AO,-15.1961,12.1522,72.48,48,53,3.51,broken clouds
133,Mana,GF,5.6592,-53.7767,77.4,89,66,9.93,moderate rain
134,Garmisch-Partenkirchen,DE,47.4921,11.0958,57.54,91,100,6.13,overcast clouds
135,Buala,SB,-8.145,159.5921,83.1,75,93,9.69,light rain
136,Hilo,US,19.7297,-155.09,88.29,80,100,4.61,overcast clouds
137,Balikpapan,ID,-1.2675,116.8289,76.19,100,40,2.3,scattered clouds
138,Olean,US,42.0776,-78.4297,72.28,34,100,0.0,overcast clouds
139,Talnakh,RU,69.4865,88.3972,29.21,75,29,1.81,scattered clouds
140,Pevek,RU,69.7008,170.3133,33.01,80,48,7.67,scattered clouds
141,Dingle,PH,10.9995,122.6711,78.19,86,100,1.14,overcast clouds
142,Conchal,BR,-22.3303,-47.1725,66.36,69,42,2.59,scattered clouds
143,Te Anau,NZ,-45.4167,167.7167,48.56,86,30,2.01,scattered clouds
144,Saldanha,ZA,-33.0117,17.9442,57.25,40,2,7.92,clear sky
145,Kupang,ID,-10.1667,123.5833,77.65,83,38,5.97,scattered clouds
146,Khatanga,RU,71.9667,102.5,28.99,85,91,6.2,overcast clouds
147,Cayenne,GF,4.9333,-52.3333,80.1,1,75,10.0,broken clouds
148,Bani,DO,18.2833,-70.3333,85.44,74,99,7.2,overcast clouds
149,Holguin,CU,20.8872,-76.2631,87.3,58,75,18.41,broken clouds
150,Norman Wells,CA,65.282,-126.8329,48.24,57,75,4.61,broken clouds
151,Luderitz,NA,-26.6481,15.1594,69.39,27,59,9.69,broken clouds
152,Hambantota,LK,6.1241,81.1185,78.08,85,93,16.62,moderate rain
153,Mocuba,MZ,-16.8392,36.9856,61.68,99,23,4.72,few clouds
154,Lagoa,PT,39.05,-27.9833,63.93,94,99,16.69,overcast clouds
155,Taranagar,IN,28.6709,75.0351,86.67,17,1,12.15,clear sky
156,Micheweni,TZ,-4.9667,39.8333,73.9,93,100,18.19,moderate rain
157,Maun,BW,-19.9833,23.4167,57.16,47,0,9.22,clear sky
158,Barrow,US,71.2906,-156.7887,26.62,86,100,20.71,overcast clouds
159,Sisimiut,GL,66.9395,-53.6735,47.64,35,11,20.38,few clouds
160,Victoria,HK,22.2855,114.1577,86.18,87,97,8.99,overcast clouds
161,East London,ZA,-33.0153,27.9116,60.96,77,35,11.21,scattered clouds
162,Portland,US,45.5234,-122.6762,67.55,77,75,17.27,broken clouds
163,Pacific Grove,US,36.6177,-121.9166,76.68,79,40,12.66,scattered clouds
164,Pochutla,MX,15.7432,-96.4661,85.82,71,98,7.27,overcast clouds
165,Myitkyina,MM,25.3833,97.4,73.4,99,89,0.6,moderate rain
166,Cockburn Town,TC,21.4612,-71.1419,84.16,70,75,9.22,broken clouds
167,Saint Leonard,CA,47.173,-67.9247,55.58,95,99,5.19,overcast clouds
168,Hervey Bay,AU,-25.2986,152.8535,65.01,96,96,14.0,light rain
169,Hamilton,US,39.1834,-84.5333,83.17,43,40,8.05,scattered clouds
170,Turmalina,BR,-17.2856,-42.73,56.21,85,35,3.22,scattered clouds
171,Broken Hill,AU,-31.95,141.4333,45.91,75,2,11.16,clear sky
172,Tual,ID,-5.6667,132.75,82.29,76,38,9.95,scattered clouds
173,Svetlogorsk,BY,52.6333,29.7333,51.4,83,11,4.52,few clouds
174,Bataipora,BR,-22.2953,-53.2711,71.04,64,77,5.77,broken clouds
175,Soubre,CI,5.7856,-6.6083,72.84,99,100,2.13,overcast clouds
176,Upernavik,GL,72.7868,-56.1549,31.26,74,0,10.42,clear sky
177,Yorosso,ML,12.3536,-4.7761,90.68,21,75,2.89,broken clouds
178,Labytnangi,RU,66.6572,66.4183,41.65,46,87,0.94,overcast clouds
179,Abasolo,MX,20.45,-101.5167,87.53,20,64,6.62,broken clouds
180,Coihaique,CL,-45.5752,-72.0662,46.35,61,100,6.91,light rain
181,Georgetown,MY,5.4112,100.3354,78.73,93,20,2.3,few clouds
182,Sao Joao Da Barra,BR,-21.6403,-41.0511,69.31,56,48,8.99,scattered clouds
183,Port Elizabeth,ZA,-33.918,25.5701,56.32,89,0,5.75,clear sky
184,Urumqi,CN,43.801,87.6005,61.75,45,0,2.24,clear sky
185,Teberda,RU,43.4456,41.7448,54.72,85,76,4.88,broken clouds
186,Ust-Tsilma,RU,65.441,52.1498,51.73,44,6,7.43,clear sky
187,Am Timan,TD,11.0297,20.2827,83.68,54,74,8.9,broken clouds
188,Annau,TM,37.8876,58.516,71.1,43,0,0.0,clear sky
189,Andilamena,MG,-17.0167,48.5833,57.4,96,94,4.38,overcast clouds
190,Merauke,ID,-8.4667,140.3333,78.35,81,88,2.98,overcast clouds
191,Niksic,ME,42.7731,18.9445,69.67,82,81,2.98,broken clouds
192,Usogorsk,RU,63.4106,48.6872,48.22,95,22,3.06,few clouds
193,Caxito,AO,-8.5785,13.6643,67.14,95,82,2.59,broken clouds
194,Palmerston,AU,-12.486,130.9833,78.93,93,20,4.61,few clouds
195,Gongzhuling,CN,43.5008,124.8198,59.07,83,89,7.58,overcast clouds
196,Haines Junction,CA,60.7522,-137.5108,57.15,77,100,2.3,overcast clouds
197,Qaqortoq,GL,60.7167,-46.0333,45.14,61,100,4.7,overcast clouds
198,Salalah,OM,17.0151,54.0924,84.29,79,75,8.05,broken clouds
199,Itanhem,BR,-17.1664,-40.33,61.09,79,71,3.71,broken clouds
200,Vanimo,PG,-2.6741,141.3028,80.11,78,95,4.68,overcast clouds
201,Naze,JP,28.3667,129.4833,74.32,85,100,25.77,heavy intensity rain
202,Lesozavodsk,RU,45.4794,133.4244,56.91,51,72,7.45,broken clouds
203,San Patricio,US,28.017,-97.5169,96.19,51,0,17.31,clear sky
204,Kautokeino,NO,69.0125,23.0412,41.61,67,46,11.16,scattered clouds
205,Lavrentiya,RU,65.5833,-171.0,41.16,69,95,2.66,overcast clouds
206,Iqaluit,CA,63.7506,-68.5145,55.13,44,0,13.8,clear sky
207,Thompson,CA,55.7435,-97.8558,62.76,48,40,5.75,scattered clouds
208,Iquique,CL,-20.2208,-70.1431,62.64,88,100,8.37,overcast clouds
209,Havoysund,NO,70.9963,24.6622,44.83,79,98,23.35,overcast clouds
210,Viedma,AR,-40.8135,-62.9967,53.06,55,4,14.14,clear sky
211,Ilulissat,GL,69.2167,-51.1,42.82,42,7,21.85,clear sky
212,Sao Felix Do Xingu,BR,-6.6447,-51.995,74.23,87,48,2.86,moderate rain
213,Bathsheba,BB,13.2167,-59.5167,83.01,74,40,23.02,scattered clouds
214,Aktau,KZ,43.65,51.2,68.58,44,73,3.98,broken clouds
215,Lorengau,PG,-2.0226,147.2712,83.03,66,6,5.06,clear sky
216,Sangar,RU,63.9242,127.4739,68.81,52,23,0.76,few clouds
217,Fort Frances,CA,48.5999,-93.4003,61.02,57,100,13.8,overcast clouds
218,Lubango,AO,-14.9172,13.4925,53.22,42,31,5.57,scattered clouds
219,Adrar,MR,20.5022,-10.0711,90.84,16,98,14.16,overcast clouds
220,Upata,VE,8.0086,-62.3989,73.18,96,78,1.21,broken clouds
221,Waidhofen,DE,48.5833,11.3333,61.63,94,75,4.61,broken clouds
222,Heishan,CN,41.6892,122.1128,59.67,70,86,5.61,overcast clouds
223,Kununurra,AU,-15.7667,128.7333,80.58,69,56,5.75,broken clouds
224,Shimoda,JP,34.6667,138.95,62.1,94,100,16.62,moderate rain
225,Morden,CA,49.1919,-98.1014,63.03,39,87,12.66,overcast clouds
226,Tasiilaq,GL,65.6145,-37.6368,44.76,57,13,4.16,few clouds
227,Guerrero Negro,MX,27.9769,-114.0611,68.23,68,6,23.51,clear sky
228,Yaring,TH,6.8662,101.3689,76.5,88,80,4.52,broken clouds
229,Pabrade,LT,55.0,25.7833,56.17,92,28,1.54,scattered clouds
230,Tiksi,RU,71.6872,128.8694,46.08,73,64,4.41,broken clouds
231,Touros,BR,-5.1989,-35.4608,78.19,79,94,13.0,moderate rain
232,Wellington,NZ,-41.2866,174.7756,58.06,85,75,18.41,broken clouds
233,Kodiak,US,57.79,-152.4072,56.71,72,75,12.66,broken clouds
234,Gorgan,IR,36.8387,54.4348,73.36,60,0,6.91,clear sky
235,Paamiut,GL,61.994,-49.6678,40.96,77,0,6.73,clear sky
236,Gijon,ES,43.5357,-5.6615,62.46,83,100,1.77,overcast clouds
237,Parnamirim,BR,-5.9156,-35.2628,78.69,94,75,10.36,broken clouds
238,Nicoya,CR,10.1483,-85.452,79.27,85,99,4.25,overcast clouds
239,Tevaitoa,PF,-16.7833,-151.5,79.45,76,88,14.76,light rain
240,Perry,US,37.2506,-83.1999,81.32,64,59,2.21,broken clouds
241,Coquimbo,CL,-29.9533,-71.3436,58.73,72,0,8.05,clear sky
242,Geraldton,AU,-28.7667,114.6,48.61,71,2,14.97,clear sky
243,Laguna,US,38.421,-121.4238,81.14,58,100,9.22,overcast clouds
244,Partizanskoye,RU,55.5006,94.39,44.8,85,100,3.27,overcast clouds
245,Codrington,AU,-38.2667,141.9667,49.23,72,85,16.55,overcast clouds
246,Srandakan,ID,-7.9386,110.2506,75.81,90,86,3.53,overcast clouds
247,Yar-Sale,RU,66.8333,70.8333,38.28,49,76,3.06,broken clouds
248,Klaksvik,FO,62.2266,-6.589,50.92,89,100,11.07,overcast clouds
249,College,US,64.8569,-147.8028,74.28,19,20,12.66,few clouds
250,Ukiah,US,39.1502,-123.2078,76.44,63,20,6.91,few clouds
251,Kuching,MY,1.55,110.3333,77.22,94,20,3.0,few clouds
252,Alice Springs,AU,-23.7,133.8833,45.95,87,2,0.0,clear sky
253,Puerto Del Rosario,ES,28.5004,-13.8627,69.55,68,20,19.57,few clouds
254,Imeni Poliny Osipenko,RU,52.4201,136.4853,61.41,58,41,4.16,scattered clouds
255,Fort Nelson,CA,58.8053,-122.7002,60.39,63,100,5.75,overcast clouds
256,Warrnambool,AU,-38.3833,142.4833,50.81,73,97,18.61,overcast clouds
257,Agadez,NE,19.75,10.25,88.03,8,0,7.11,clear sky
258,Itarema,BR,-2.9248,-39.9167,76.66,86,41,10.31,scattered clouds
259,Haapsalu,EE,58.9431,23.5414,50.99,82,44,7.85,scattered clouds
260,Husavik,IS,66.0449,-17.3389,41.67,66,79,18.41,broken clouds
261,Buin,CL,-33.7333,-70.75,62.92,60,18,1.59,few clouds
262,Provideniya,RU,64.3833,-173.3,41.36,75,0,8.99,clear sky
263,Beringovskiy,RU,63.05,179.3167,48.18,63,98,6.38,overcast clouds
264,Opuwo,NA,-18.0607,13.84,57.7,38,100,10.11,overcast clouds
265,Inhambane,MZ,-23.865,35.3833,67.66,84,56,11.83,light rain
266,Kyabe,TD,9.4515,18.9449,78.06,68,67,4.03,broken clouds
267,Russell,US,32.3502,-85.1999,85.6,54,0,5.75,clear sky
268,Muros,ES,42.7762,-9.0603,60.84,82,97,8.37,overcast clouds
269,Hun,LY,29.1268,15.9477,79.11,36,0,3.0,clear sky
270,Nara,JP,34.6851,135.8049,65.97,87,100,16.37,overcast clouds
271,Sao Filipe,CV,14.8961,-24.4956,75.83,73,2,10.54,clear sky
272,Erenhot,CN,43.6475,111.9767,53.42,58,48,10.33,scattered clouds
273,Los Llanos De Aridane,ES,28.6585,-17.9182,65.95,84,100,18.41,overcast clouds
274,Ulvik,NO,60.5672,6.9187,55.27,68,81,3.85,broken clouds
275,Goianira,BR,-16.4961,-49.4264,76.82,52,4,5.86,clear sky
276,Narsaq,GL,60.9167,-46.05,49.93,53,100,3.06,overcast clouds
277,Prince George,CA,53.9166,-122.753,61.25,74,100,13.8,overcast clouds
278,North Bend,US,43.4065,-124.2243,65.91,85,100,14.97,overcast clouds
279,Sungairaya,ID,0.7,108.9,76.26,90,100,5.75,overcast clouds
280,Benguela,AO,-12.5763,13.4055,73.49,58,37,4.43,scattered clouds
281,Ponta Delgada,PT,37.7333,-25.6667,69.49,94,40,3.44,scattered clouds
282,Vao,NC,-22.6667,167.4833,73.29,71,21,7.63,few clouds
283,Santa Isabel Do Rio Negro,BR,-0.4139,-65.0192,72.99,95,78,2.04,broken clouds
284,Yura,PE,-16.2522,-71.6797,57.72,33,40,3.44,scattered clouds
285,Sargatskoye,RU,55.6101,73.4972,38.12,88,19,7.27,few clouds
286,Meulaboh,ID,4.1363,96.1285,75.94,90,99,2.84,overcast clouds
287,Tangier,MA,35.7806,-5.8137,67.35,100,0,3.44,clear sky
288,Perelyub,RU,51.8667,50.3667,62.74,67,94,9.75,overcast clouds
289,Inta,RU,66.0317,60.1659,45.9,56,59,7.67,broken clouds
290,Darab,IR,28.7519,54.5444,79.54,14,1,9.69,clear sky
291,Bulgan,MN,48.8125,103.5347,54.91,56,100,5.32,overcast clouds
292,Cabo San Lucas,MX,22.8909,-109.9124,90.61,58,2,12.84,clear sky
293,Rio Grande,BR,-32.035,-52.0986,60.91,95,99,4.72,overcast clouds
294,Dergachi,RU,51.2328,48.7659,62.85,84,100,5.17,light rain
295,Aranos,NA,-24.1333,19.1167,52.95,32,100,10.25,overcast clouds
296,Orcopampa,PE,-15.2661,-72.3417,46.18,63,79,7.78,broken clouds
297,Ladnun,IN,27.65,74.3833,85.93,25,4,16.51,clear sky
298,Nyurba,RU,63.2842,118.3319,62.96,85,98,2.91,overcast clouds
299,Vardo,NO,70.3705,31.1107,42.78,87,100,16.11,overcast clouds
300,Palmer,US,42.1584,-72.3287,74.8,40,40,8.05,scattered clouds
301,Zhigansk,RU,66.7697,123.3711,61.61,47,92,5.12,overcast clouds
302,Asau,RO,46.4333,26.4,58.95,94,99,3.87,overcast clouds
303,Radyvyliv,UA,50.1299,25.2558,53.83,94,0,4.83,clear sky
304,Saint Anthony,US,45.0205,-93.218,74.05,63,0,13.8,clear sky
305,Dubbo,AU,-32.25,148.6167,46.53,81,40,13.8,scattered clouds
306,Caracollo,PE,-14.9165,-70.6603,49.08,51,100,4.36,overcast clouds
307,Pangai,TO,-19.8,-174.35,82.51,74,40,10.36,scattered clouds
308,Beterou,BJ,9.1992,2.2586,74.75,87,71,4.41,broken clouds
309,Muisne,EC,0.6,-80.0333,75.33,81,84,9.42,broken clouds
310,Marsh Harbour,BS,26.5412,-77.0636,80.11,71,0,6.58,clear sky
311,Plettenberg Bay,ZA,-34.0527,23.3716,59.7,64,8,4.97,clear sky
312,Sabang,ID,5.8933,95.3214,82.51,77,100,12.03,overcast clouds
313,Uyemskiy,RU,64.4743,40.8524,53.65,93,40,4.47,scattered clouds
314,Port Moresby,PG,-9.4431,147.1797,78.22,89,20,3.44,few clouds
315,Coari,BR,-4.085,-63.1414,74.39,97,81,1.23,broken clouds
316,Saint George,US,37.1041,-113.5841,96.8,14,0,12.66,clear sky
317,Sibut,CF,5.718,19.0739,70.07,97,90,1.52,moderate rain
318,Gunjur,GM,13.2019,-16.7339,80.67,83,10,9.22,clear sky
319,Mildura,AU,-34.2,142.15,46.08,88,1,15.95,clear sky
320,La Asuncion,VE,11.0333,-63.8628,85.73,70,8,19.57,clear sky
321,Goderich,CA,43.7501,-81.7165,61.12,67,100,5.75,light rain
322,Xacmaz,AZ,41.4635,48.806,68.09,63,0,6.24,clear sky
323,Verkhnyaya Inta,RU,65.9811,60.3094,45.23,54,58,9.01,broken clouds
324,Wiwili,NI,13.6268,-85.8254,75.96,92,100,3.42,overcast clouds
325,Caravelas,BR,-17.7125,-39.2481,69.21,77,58,9.04,broken clouds
326,Padang,ID,-0.9492,100.3543,75.25,83,100,2.64,overcast clouds
327,Talcahuano,CL,-36.7167,-73.1167,55.08,88,100,10.36,overcast clouds
328,Isangel,VU,-19.55,169.2667,78.4,65,17,6.35,few clouds
329,Nampula,MZ,-15.1165,39.2666,66.15,82,0,12.66,clear sky
330,Saint-Pierre,RE,-21.3393,55.4781,69.48,56,20,10.36,few clouds
331,Grindavik,IS,63.8424,-22.4338,46.35,65,75,5.75,broken clouds
332,Itum-Kale,RU,42.7356,45.5758,62.2,79,40,5.77,scattered clouds
333,Hualmay,PE,-11.0964,-77.6139,66.45,80,91,12.88,overcast clouds
334,Yuancheng,CN,36.652,107.7896,68.56,19,100,4.9,overcast clouds
335,Ambad,IN,19.6167,75.8,84.69,51,100,12.3,overcast clouds
336,Elmshorn,DE,53.75,9.65,62.49,87,100,1.99,light rain
337,Cherskiy,RU,68.75,161.3,41.18,61,54,18.52,broken clouds
338,Morondava,MG,-20.2833,44.2833,69.57,77,0,9.31,clear sky
339,Hanko,FI,59.8333,22.95,48.15,70,16,10.71,few clouds
340,Rio Gallegos,AR,-51.6226,-69.2181,48.25,43,75,23.02,broken clouds
341,Vila,PT,42.0304,-8.1588,50.88,88,88,3.38,overcast clouds
342,Adiake,CI,5.2863,-3.304,76.5,88,100,9.26,moderate rain
343,Pingshan,CN,22.9938,114.7131,81.61,85,100,2.37,overcast clouds
344,Mount Gambier,AU,-37.8333,140.7667,46.44,83,76,10.2,light rain
345,Chuy,UY,-33.6971,-53.4616,58.6,89,100,2.73,overcast clouds
346,Mutis,CO,6.2262,-77.4044,78.64,88,100,5.7,moderate rain
347,Evensk,RU,61.95,159.2333,49.3,79,100,4.5,overcast clouds
348,Chabahar,IR,25.2919,60.643,84.04,77,0,4.25,clear sky
349,Kaitangata,NZ,-46.2817,169.8464,50.76,71,1,3.31,clear sky
350,Abong Mbang,CM,3.9833,13.1833,66.31,99,94,1.36,light rain
351,Boysun,UZ,38.2061,67.1986,66.58,30,0,5.01,clear sky
352,Calvinia,ZA,-31.4707,19.776,55.38,30,0,6.71,clear sky
353,Sao Miguel Do Araguaia,BR,-13.275,-50.1628,77.23,36,2,3.4,clear sky
354,Santa Fe,AR,-31.6333,-60.7,57.99,73,100,5.01,overcast clouds
355,Dindori,IN,22.95,81.0833,86.38,16,87,3.62,overcast clouds
356,Half Moon Bay,US,37.4636,-122.4286,80.42,85,100,13.8,mist
357,Juneau,US,58.3019,-134.4197,69.84,75,75,9.22,broken clouds
358,Shitkino,RU,56.3703,98.3543,46.29,70,88,7.58,overcast clouds
359,Santa Cruz,BO,-17.8,-63.1667,77.05,69,75,16.11,broken clouds
360,Baijiantan,CN,45.6333,85.1833,68.86,32,87,5.46,overcast clouds
361,Kataysk,RU,56.289,62.5841,45.46,91,87,5.97,overcast clouds
362,Isiro,CD,2.7739,27.616,66.15,96,35,1.32,scattered clouds
363,Syamzha,RU,60.0158,41.0614,46.08,97,6,3.49,clear sky
364,Boundiali,CI,9.5217,-6.4869,74.82,81,100,5.17,light rain
365,Fare,PF,-16.7,-151.0167,79.7,75,76,15.1,broken clouds
366,Dunedin,NZ,-45.8742,170.5036,55.06,64,1,3.0,clear sky
367,Kirakira,SB,-10.4544,161.9205,82.33,79,81,12.82,broken clouds
368,Shitanjing,CN,39.2342,106.3439,66.45,13,95,5.14,overcast clouds
369,Walvis Bay,NA,-22.9575,14.5053,76.15,20,100,9.22,overcast clouds
370,Burns Lake,CA,54.2331,-125.7533,53.02,80,100,2.91,overcast clouds
371,Hovd,MN,48.0056,91.6419,54.27,22,0,19.93,clear sky
372,Igarka,RU,67.4667,86.5833,32.61,66,47,9.13,scattered clouds
373,Manakara,MG,-22.1333,48.0167,65.61,96,39,5.61,light rain
374,Guasdualito,VE,7.2424,-70.7324,78.76,100,40,3.44,scattered clouds
375,Markala,ML,13.7021,-6.0659,96.76,16,71,5.14,broken clouds
376,Saurimo,AO,-9.6608,20.3916,57.56,46,6,5.88,clear sky
377,Beya,RU,53.0533,90.9139,45.46,86,100,17.25,overcast clouds
378,Bluefield,US,37.2698,-81.2223,75.78,50,79,1.01,broken clouds
379,Paita,PE,-5.0892,-81.1144,66.61,84,93,16.67,overcast clouds
380,Oktyabrskiy,RU,54.4815,53.471,54.32,86,97,2.42,overcast clouds
381,Muswellbrook,AU,-32.2667,150.9,53.33,67,60,13.82,broken clouds
382,Nouadhibou,MR,20.931,-17.0347,67.98,77,71,16.11,broken clouds
383,Danilovka,RU,50.3557,44.1168,60.71,94,100,7.63,moderate rain
384,Gusau,NG,12.1628,6.6614,81.72,53,100,7.4,overcast clouds
385,Kloulklubed,PW,7.0419,134.2556,82.72,68,100,3.36,overcast clouds
386,Mezen,RU,65.8522,44.24,50.94,96,37,4.94,scattered clouds
387,Verkhoyansk,RU,67.5447,133.385,71.82,41,2,10.8,clear sky
388,Cairns,AU,-16.9167,145.7667,75.15,90,100,3.44,overcast clouds
389,Abha,SA,18.2164,42.5053,67.82,59,0,0.0,clear sky
390,Kaeo,NZ,-35.1,173.7833,60.33,96,65,6.11,broken clouds
391,Kiri Buru,IN,22.0833,85.35,76.62,65,96,2.89,overcast clouds
392,Litovko,RU,49.2361,135.1742,59.61,64,6,3.67,clear sky
393,Saint-Francois,FR,46.4154,3.9054,57.67,94,0,3.44,clear sky
394,Fortuna,US,40.5982,-124.1573,67.12,63,20,9.22,few clouds
395,Kotelnikovo,RU,47.6317,43.1461,66.33,80,99,14.16,overcast clouds
396,Biak,ID,-0.9131,122.8766,77.67,83,53,2.57,broken clouds
397,Samarai,PG,-10.6167,150.6667,82.71,74,82,13.15,broken clouds
398,Frankenberg,DE,51.0667,8.8,59.31,97,63,6.71,broken clouds
399,Kingaroy,AU,-26.5333,151.8333,56.53,72,100,8.01,light rain
400,Beloha,MG,-25.1667,45.05,66.56,85,96,5.88,overcast clouds
401,Ucluelet,CA,48.9329,-125.5528,59.09,83,100,4.0,overcast clouds
402,Mackay,AU,-21.15,149.2,71.69,77,69,4.79,broken clouds
403,Bonavista,CA,48.6499,-53.1147,42.71,77,64,17.78,broken clouds
404,Janakpur,NP,26.7183,85.9065,82.67,64,100,10.67,overcast clouds
405,La Ronge,CA,55.1001,-105.2842,57.45,38,20,16.11,smoke
406,Almaznyy,RU,48.0448,40.045,60.85,93,83,11.39,heavy intensity rain
407,Anakapalle,IN,17.6833,83.0167,85.95,75,85,3.62,overcast clouds
408,Berlevag,NO,70.8578,29.0864,42.75,81,100,6.91,overcast clouds
409,Ambo,PE,-10.1308,-76.2047,62.46,86,86,6.06,overcast clouds
410,Kankon,IN,15.0167,74.0167,82.2,83,100,4.97,light rain
411,Kangaba,ML,11.9333,-8.4167,87.55,32,37,4.68,scattered clouds
412,Ixtapa,MX,20.7,-105.2,79.23,77,4,3.0,clear sky
413,Ahipara,NZ,-35.1667,173.1667,62.22,79,27,6.53,scattered clouds
414,Balkanabat,TM,39.5108,54.3671,87.12,9,1,10.96,clear sky
415,Sitka,US,57.0531,-135.33,69.19,42,98,3.6,overcast clouds
416,Charleston,US,32.7766,-79.9309,80.76,83,75,9.22,broken clouds
417,Nantucket,US,41.2835,-70.0995,66.31,73,12,9.26,few clouds
418,Banjar,ID,-8.19,114.9675,77.47,85,95,3.15,overcast clouds
419,Ankang,CN,32.68,109.0172,70.93,71,97,1.19,overcast clouds
420,Ketchikan,US,55.3422,-131.6461,63.07,59,75,8.05,broken clouds
421,Camacha,PT,33.0833,-16.3333,62.02,77,20,8.05,few clouds
422,Caucaia,BR,-3.7361,-38.6531,78.75,83,40,4.61,scattered clouds
423,Aswan,EG,24.0934,32.907,88.9,16,0,8.05,clear sky
424,Salinopolis,BR,-0.6136,-47.3561,78.57,83,89,9.37,overcast clouds
425,Caramay,PH,10.1815,119.236,80.69,79,70,0.92,broken clouds
426,Nuevo Progreso,MX,23.1667,-97.95,91.54,49,12,5.01,few clouds
427,Fukuma,JP,33.7667,130.4667,68.29,90,100,5.84,overcast clouds
428,Sao Benedito Do Rio Preto,BR,-3.3336,-43.5283,72.59,99,100,2.28,overcast clouds
429,Beroroha,MG,-21.6667,45.1667,63.23,82,0,3.42,clear sky
430,Umm Lajj,SA,25.0213,37.2685,85.44,45,15,6.38,few clouds
431,Rio Cuarto,AR,-33.1307,-64.3499,53.37,54,0,0.0,clear sky
432,Qandala,SO,11.472,49.8728,86.95,59,97,3.06,overcast clouds
433,Beyneu,KZ,45.3167,55.2,80.2,13,41,13.02,scattered clouds
434,Hami,CN,42.8,93.45,69.15,23,0,14.32,clear sky
435,Acajutla,SV,13.5928,-89.8275,82.49,76,100,7.43,overcast clouds
436,Onda,ES,39.9667,-0.25,70.32,61,61,4.83,broken clouds
437,Olafsvik,IS,64.8945,-23.7142,41.88,52,92,12.88,overcast clouds
438,Grand-Lahou,CI,5.1367,-5.0242,79.03,84,100,10.96,moderate rain
439,Katsuura,JP,35.1333,140.3,64.42,89,100,13.62,moderate rain
440,Berekum,GH,7.4534,-2.584,70.03,96,100,3.44,overcast clouds
441,Varjota,BR,-4.1944,-40.4767,72.39,94,93,0.67,overcast clouds
442,Gimli,CA,50.6336,-96.9907,55.42,54,37,11.5,scattered clouds
443,Flinders,AU,-34.5833,150.8552,53.38,63,23,11.99,few clouds
444,Foam Lake,CA,51.65,-103.5343,60.82,50,31,15.82,scattered clouds
445,Rebrikha,RU,53.0733,82.3408,44.87,79,95,5.57,overcast clouds
446,Hasan Abdal,PK,30.4333,72.7,90.72,17,0,5.7,clear sky
447,Kungurtug,RU,50.5994,97.5228,48.76,77,24,1.97,few clouds
448,Kontagora,NG,10.3999,5.4695,74.3,77,100,3.67,overcast clouds
449,Botwood,CA,49.1499,-55.3482,51.91,61,91,3.98,overcast clouds
450,Pitimbu,BR,-7.4706,-34.8086,75.79,77,5,13.69,clear sky
451,Alofi,NU,-19.0595,-169.9187,80.49,83,9,3.44,clear sky
452,Gurupi,BR,-11.7292,-49.0686,77.02,39,2,3.36,clear sky
453,Natal,BR,-5.795,-35.2094,79.02,94,75,10.36,broken clouds
454,Vila Franca Do Campo,PT,37.7167,-25.4333,69.19,86,100,5.77,overcast clouds
455,Jumla,NP,29.2747,82.1838,53.65,63,39,4.14,scattered clouds
456,Kamenka,RU,51.3223,42.7678,54.88,92,100,11.39,light rain
457,Palu,ID,-0.8917,119.8707,75.36,93,95,3.38,overcast clouds
458,Puerto Cabezas,NI,14.0351,-83.3888,85.96,79,40,6.91,scattered clouds
459,Manyana,BW,-23.4,21.7167,52.93,32,80,8.66,broken clouds
460,Yerbogachen,RU,61.2767,108.0108,48.7,86,100,5.3,overcast clouds
461,Caconda,AO,-13.7333,15.0667,49.8,54,17,5.59,few clouds
462,Mandalgovi,MN,45.7625,106.2708,51.91,61,100,19.98,overcast clouds
463,Alamogordo,US,32.8995,-105.9603,92.55,9,0,10.36,clear sky
464,Fairbanks,US,64.8378,-147.7164,74.3,18,0,12.66,clear sky
465,Lingyuan,CN,41.24,119.4011,57.58,66,92,18.66,overcast clouds
466,Terney,RU,45.0503,136.6092,49.08,70,84,9.31,broken clouds
467,Boli,CN,45.7667,130.5167,48.36,94,100,5.17,overcast clouds
468,Pakxe,LA,15.1167,105.7833,75.43,94,92,3.06,overcast clouds
469,Esperance,AU,-33.8667,121.9,48.04,70,94,6.85,overcast clouds
470,Havelock,US,34.8791,-76.9013,80.55,53,8,11.99,clear sky
471,Ahuimanu,US,21.4447,-157.8378,84.78,64,100,9.22,overcast clouds
472,Milkovo,RU,54.7167,158.6167,61.07,55,88,4.36,light rain
473,Soyo,AO,-6.1349,12.3689,73.38,92,58,3.76,broken clouds
474,Deputatskiy,RU,69.3,139.9,57.56,61,100,3.4,overcast clouds
475,Sena Madureira,BR,-9.0656,-68.6569,78.44,74,99,1.81,overcast clouds
476,Nioro,GM,13.35,-15.75,81.27,67,40,12.62,light rain
477,Jega,NG,12.2175,4.3792,82.4,54,100,18.43,overcast clouds
478,Iguape,BR,-24.7081,-47.5553,66.22,87,24,8.86,few clouds
479,Kirkland Lake,CA,48.1446,-80.0377,66.49,34,86,3.27,overcast clouds
480,Harper,LR,4.375,-7.7169,78.31,85,100,7.74,overcast clouds
481,Jinxiang,CN,27.4327,120.6062,72.45,95,100,5.64,moderate rain
482,Alekseyevsk,RU,57.8406,108.3492,52.16,89,74,2.13,broken clouds
483,Talara,PE,-4.5772,-81.2719,66.15,87,22,18.59,few clouds
484,Omboue,GA,-1.5746,9.2618,73.51,91,95,3.58,overcast clouds
485,Tolga,DZ,34.7222,5.3785,86.81,14,65,4.59,broken clouds
486,Yumen,CN,40.2833,97.2,66.02,24,46,2.06,scattered clouds
487,Grenfell,AU,-33.9,148.1667,42.33,85,82,16.53,broken clouds
488,Clyde River,CA,70.4692,-68.5914,32.23,93,0,5.75,clear sky
489,Nerchinskiy Zavod,RU,51.3088,119.61,58.91,45,3,1.54,clear sky
490,Corner Brook,CA,48.9667,-57.9484,51.96,93,100,0.92,overcast clouds
491,Abu Dhabi,AE,24.4667,54.3667,87.91,62,0,2.3,clear sky
492,Agucadoura,PT,41.4318,-8.7804,63.25,84,44,1.77,scattered clouds
493,Lyuban,BY,52.7985,28.0048,51.58,87,6,4.9,clear sky
494,Aklavik,CA,68.2191,-135.0107,43.65,48,45,6.51,scattered clouds
495,Cleburne,US,32.3476,-97.3867,95.34,54,20,21.99,few clouds
496,Morrinhos,BR,-17.7311,-49.0994,68.34,52,0,5.55,clear sky
497,Katobu,ID,-4.9408,122.5276,76.59,91,85,1.86,overcast clouds
498,Naica,MX,27.85,-105.4833,96.53,10,5,6.49,clear sky
499,Shingu,JP,33.7333,135.9833,65.73,97,100,18.34,light rain
500,Arman,RU,59.7,150.1667,62.02,85,75,6.98,broken clouds
501,Poum,NC,-20.2333,164.0167,77.59,71,5,13.71,clear sky
502,Skelleftea,SE,64.7507,20.9528,44.96,56,6,5.75,clear sky
503,Vagur,FO,61.4732,-6.8119,49.84,92,97,13.78,overcast clouds
504,Vestmanna,FO,62.1564,-7.1664,49.12,93,100,8.05,overcast clouds
505,Nuuk,GL,64.1835,-51.7216,47.8,52,0,7.25,clear sky
506,Port Hedland,AU,-20.3167,118.5667,66.25,48,0,10.36,clear sky
507,Andrews,US,32.3187,-102.5457,100.27,8,0,9.22,clear sky
508,Ereymentau,KZ,51.6199,73.1033,48.49,63,88,4.32,overcast clouds
509,Mandera,KE,3.9366,41.867,79.56,64,95,17.43,overcast clouds
510,San Carlos,VE,9.6612,-68.5827,74.14,91,49,3.22,scattered clouds
511,Salta,AR,-24.7859,-65.4117,55.99,82,75,6.91,broken clouds
512,Jambi,ID,-1.6,103.6167,74.14,98,88,2.48,overcast clouds
513,Arenapolis,BR,-14.4503,-56.8461,78.55,41,8,4.79,clear sky
514,Leh,IN,34.1667,77.5833,48.0,52,9,4.41,clear sky
515,Lagos,NG,6.5833,3.75,80.92,88,95,2.24,overcast clouds
516,Khndzoresk,AM,39.5122,46.4328,60.03,48,0,8.34,clear sky
517,Mahajanga,MG,-15.7167,46.3167,71.62,83,75,2.3,broken clouds
518,Dourbali,TD,11.8091,15.8632,87.46,44,95,3.94,overcast clouds
519,Kushima,JP,31.4583,131.2333,72.23,96,100,8.05,overcast clouds
520,Cabcaben,PH,14.454,120.5914,84.15,76,84,3.76,broken clouds
521,Pak Phanang,TH,8.3511,100.202,79.59,83,100,4.07,light rain
522,Arcoverde,BR,-8.4189,-37.0539,65.68,97,23,7.94,few clouds
523,Gari,RU,59.4307,62.3497,45.64,71,100,5.53,overcast clouds
524,Nepa Nagar,IN,21.4667,76.4,89.4,31,53,12.64,broken clouds
525,Sharjah,AE,25.3573,55.4033,89.58,53,0,5.75,clear sky
526,San Cristobal,VE,7.7669,-72.225,73.58,87,86,3.85,overcast clouds
527,Egvekinot,RU,66.3167,-179.1667,40.39,59,98,4.56,overcast clouds
528,Van,TR,38.4924,43.3831,63.19,45,0,5.61,clear sky
529,Bajah,YE,13.8141,44.6301,77.49,58,10,4.07,clear sky
530,Shar,KZ,49.5886,81.0453,43.97,76,68,3.56,broken clouds
531,Torbat-E Jam,IR,35.244,60.6225,69.71,16,0,10.45,clear sky
532,Pavlogradka,RU,54.2024,73.5592,45.68,67,85,5.03,overcast clouds
533,Maku,IR,39.2911,44.4521,68.83,32,0,6.55,clear sky
534,Takoradi,GH,4.8845,-1.7554,77.77,87,100,10.38,light rain
535,Begamganj,IN,23.6,78.3333,89.74,21,14,9.69,few clouds
536,Ilhabela,BR,-23.7781,-45.3581,67.59,82,22,11.07,few clouds
537,Torbay,CA,47.6666,-52.7314,50.77,74,100,9.22,overcast clouds
538,Goba,ET,7.0167,39.9833,51.35,86,95,4.03,overcast clouds
539,Kochevo,RU,59.5994,54.3125,47.66,89,100,1.63,overcast clouds
540,Sorong,ID,-0.8833,131.25,79.68,79,50,5.08,scattered clouds
541,Faya,SA,18.3851,42.4509,68.11,18,15,1.99,few clouds
542,Grootfontein,NA,-19.5667,18.1167,45.97,66,15,3.44,few clouds
543,Kudahuvadhoo,MV,2.6708,72.8944,82.9,73,88,10.74,overcast clouds
544,Porto Novo,BJ,6.4965,2.6036,80.42,78,98,5.44,overcast clouds
545,Kenora,CA,49.8167,-94.4337,59.97,44,40,11.5,scattered clouds
546,Canton,CN,23.1167,113.25,84.15,84,100,6.26,overcast clouds
547,Santa Maria,BR,-29.6842,-53.8069,63.7,94,100,4.61,light rain
548,Payo,ID,-3.7508,103.6372,71.64,97,100,1.25,overcast clouds
549,Roald,NO,62.5833,6.1333,47.75,81,12,10.36,few clouds
550,Jurado,CO,7.1053,-77.7641,79.27,84,99,4.83,overcast clouds
551,Ostrogozhsk,RU,50.8664,39.0756,52.02,95,41,6.58,scattered clouds
552,Pisco,PE,-13.7,-76.2167,68.05,73,0,18.41,clear sky
553,Jutai,BR,-5.1833,-68.9,74.14,94,55,2.48,broken clouds
554,Ternate,ID,0.8,127.4,81.18,78,71,2.37,broken clouds
555,Kahului,US,20.8947,-156.47,83.97,82,49,14.0,scattered clouds
556,Nemuro,JP,43.3236,145.575,44.65,83,96,10.04,overcast clouds
557,Vostok,RU,46.4856,135.8833,53.58,46,98,3.42,overcast clouds
558,Wahiawa,US,21.5028,-158.0236,81.79,57,0,1.83,clear sky
559,Cassia,BR,-20.5831,-46.9219,62.92,66,10,3.22,clear sky
560,Krasnoselkup,RU,65.7,82.4667,34.07,60,7,9.53,clear sky
561,Liverpool,GB,53.4106,-2.9779,53.62,90,100,8.05,overcast clouds
562,Iskateley,RU,67.6803,53.1512,50.05,50,12,12.03,few clouds
563,Kailua,US,21.4022,-157.7394,85.06,70,28,4.0,scattered clouds
564,Oum Hadjer,TD,13.2954,19.6966,90.48,30,98,11.99,overcast clouds
565,Borogontsy,RU,62.6683,131.1683,73.67,46,31,2.68,scattered clouds
566,Sawtell,AU,-30.3833,153.1,64.42,45,43,12.66,scattered clouds
567,Tura,IN,25.5198,90.2201,72.97,97,56,4.16,light rain
568,Esso,RU,55.9333,158.7,56.7,58,9,3.31,clear sky
569,Port-Gentil,GA,-0.7193,8.7815,75.16,94,40,5.75,scattered clouds
570,Posse,BR,-14.0931,-46.3694,69.51,50,38,6.78,scattered clouds
571,Havre-Saint-Pierre,CA,50.2334,-63.5986,49.42,73,62,8.84,broken clouds
572,Altar,MX,30.7,-111.8167,99.16,10,8,14.88,clear sky
573,Ziway,ET,7.9333,38.7167,65.53,77,90,8.57,light rain
574,Umm Kaddadah,SD,13.6017,26.6876,85.12,15,9,12.59,clear sky
575,Port Hardy,CA,50.6996,-127.4199,55.58,76,100,9.22,overcast clouds
576,Nelson Bay,AU,-32.7167,152.15,59.11,62,18,4.0,few clouds
577,Leningradskiy,RU,69.3833,178.4167,35.62,76,93,9.24,overcast clouds
578,Thaton,MM,16.9206,97.3714,76.87,92,100,3.18,overcast clouds
579,Ossora,RU,59.2353,163.0719,48.7,82,21,12.26,few clouds
580,Batagay,RU,67.6333,134.6333,70.14,43,4,6.6,clear sky
581,Belyy Yar,RU,53.6039,91.3903,51.69,93,75,11.18,light intensity shower rain
582,Taltal,CL,-25.4,-70.4833,59.85,88,12,4.09,few clouds
583,Maceio,BR,-9.6658,-35.7353,76.44,88,75,9.22,broken clouds
584,Oranjemund,NA,-28.55,16.4333,68.59,28,2,9.26,clear sky
585,Husi,RO,46.6736,28.0594,59.14,88,96,6.53,overcast clouds
586,Ocos,GT,14.5094,-92.1933,84.38,75,87,9.62,overcast clouds
587,Kieta,PG,-6.2167,155.6333,82.74,74,94,2.35,light rain
588,Gravdal,NO,68.1214,13.5031,44.6,63,98,21.85,overcast clouds
589,Araceli,PH,10.5529,119.9913,83.17,70,98,2.51,overcast clouds
590,Dubai,AE,25.2582,55.3047,83.44,61,0,3.6,clear sky
591,Campo Grande,BR,-20.4428,-54.6464,76.55,57,0,5.75,clear sky
592,Jijiga,ET,9.35,42.8,66.22,59,98,6.49,overcast clouds
593,El Alto,PE,-4.2714,-81.2147,65.93,81,23,20.83,few clouds
594,Cururupu,BR,-1.8283,-44.8683,74.17,95,96,2.68,overcast clouds
595,Astana,KZ,51.1801,71.446,55.35,62,0,6.71,clear sky
596,Jinchang,CN,38.4953,102.1739,70.47,31,100,10.25,overcast clouds
597,Dubno,UA,50.4169,25.7343,56.89,93,2,3.58,clear sky
598,Peniche,PT,39.3558,-9.3811,62.29,85,43,10.8,scattered clouds
599,Wanaka,NZ,-44.7,169.15,45.1,95,0,3.87,clear sky
600,Yulara,AU,-25.2406,130.9889,49.57,67,39,7.14,scattered clouds
601,Amboasary,MG,-25.0333,46.3833,67.78,87,98,2.21,overcast clouds
602,Marienburg,PL,54.0359,19.0266,53.58,92,31,5.32,scattered clouds
603,Miracema Do Tocantins,BR,-9.5618,-48.3967,77.27,45,0,2.84,clear sky
604,Pombal,BR,-6.7703,-37.8017,78.94,66,62,5.68,broken clouds
605,Augusto Correa,BR,-1.0217,-46.635,73.15,97,100,3.09,overcast clouds
606,Curillo,CO,1.0333,-75.9191,75.15,86,33,1.28,heavy intensity rain
607,Chibuto,MZ,-24.6867,33.5306,62.67,90,4,5.95,clear sky
608,Pokoynoye,RU,44.8097,44.2517,70.97,71,98,9.64,overcast clouds
609,Kerema,PG,-7.9631,145.7785,80.49,78,62,0.96,broken clouds
610,Roma,US,43.2128,-75.4557,72.88,39,0,10.36,clear sky
611,Tecoanapa,MX,16.5167,-98.75,83.71,73,40,11.5,scattered clouds
612,Pecos,US,31.4229,-103.4932,102.29,5,0,19.57,clear sky
613,Itaituba,BR,-4.2761,-55.9836,73.8,95,100,2.55,heavy intensity rain
614,Braniewo,PL,54.3797,19.8196,53.56,90,23,9.82,few clouds
615,Kandi,BJ,11.1342,2.9386,76.75,71,88,12.08,moderate rain
616,Kidal,ML,18.4411,1.4078,92.55,8,0,9.71,clear sky
617,Tyrma,RU,50.0833,132.1667,61.48,55,12,2.21,few clouds
618,Sabla,NG,12.7525,4.7077,82.74,55,100,16.4,overcast clouds
619,Innisfail,AU,-17.5333,146.0333,74.55,81,68,4.14,broken clouds
620,Floro,NO,61.5996,5.0328,46.36,76,31,2.3,scattered clouds
621,Laranjal Paulista,BR,-23.0497,-47.8367,65.17,71,11,4.83,few clouds
622,Ust-Kut,RU,56.7938,105.7672,50.85,80,31,2.91,scattered clouds
623,Suez,EG,29.9737,32.5263,73.17,70,0,7.31,clear sky
624,Dakar,SN,14.6937,-17.4441,77.88,85,2,11.61,clear sky
625,Dasoguz,TM,41.8363,59.9666,77.99,17,14,8.97,few clouds
626,Perdika,GR,39.3689,20.3039,74.25,72,24,3.91,few clouds
627,Dambulla,LK,7.86,80.6517,75.15,79,90,10.51,overcast clouds
628,Sechura,PE,-5.5569,-80.8222,69.42,72,73,17.87,broken clouds
629,Jatara,IN,25.0167,79.05,92.5,18,9,7.31,clear sky
630,Constitucion,CL,-35.3333,-72.4167,53.67,83,50,4.43,scattered clouds
631,Casablanca,MA,33.5928,-7.6192,69.33,73,0,8.99,clear sky
632,Qeshm,IR,26.9581,56.2719,85.14,69,0,3.27,clear sky
633,Tacuarembo,UY,-31.7333,-55.9833,57.97,95,100,2.04,overcast clouds
634,Awash,ET,8.9833,40.1667,80.92,40,62,9.15,broken clouds
635,Auki,SB,-8.7676,160.7034,82.6,72,97,5.41,light rain
636,Villarrobledo,ES,39.2699,-2.6012,73.78,29,0,8.34,clear sky
637,Tekeli,KZ,44.83,78.8239,52.63,52,0,8.7,clear sky
638,Maxixe,MZ,-23.8597,35.3472,66.52,87,57,10.31,light rain
639,Progreso,MX,21.2833,-89.6667,87.91,77,46,8.68,scattered clouds
640,Sinnamary,GF,5.3833,-52.95,77.95,85,96,10.0,overcast clouds
641,Oksfjord,NO,70.2396,22.3479,46.58,69,69,9.17,broken clouds
642,Belozerskoye,RU,55.8214,65.5842,46.87,89,67,4.63,broken clouds
643,Chicama,PE,-7.8447,-79.1469,67.73,78,71,9.28,broken clouds
644,Celestun,MX,20.8667,-90.4,82.78,67,19,10.25,few clouds
645,Annonay,FR,45.2397,4.6708,63.25,81,16,5.44,few clouds
646,Phan Thiet,VN,10.9333,108.1,78.26,86,42,7.36,scattered clouds
647,Polis,CY,35.0367,32.4264,71.42,93,4,4.52,clear sky
648,Morada Nova,BR,-5.1067,-38.3725,73.33,95,83,6.4,broken clouds
649,Mlandizi,TZ,-6.7,38.7333,69.87,94,100,3.78,light rain
650,Pleshanovo,RU,52.8333,53.4833,57.6,81,85,4.12,overcast clouds
651,Gordeyevka,RU,52.9569,31.9703,50.85,86,7,6.08,clear sky
652,Safford,US,32.834,-109.7076,97.72,7,0,24.16,clear sky
653,Boffa,GN,10.1667,-14.0333,79.5,83,100,3.0,overcast clouds
654,Moerai,PF,-22.4333,-151.3333,76.17,74,100,19.71,overcast clouds
655,Riyadh,SA,24.6877,46.7219,84.34,8,0,4.83,clear sky
656,Padre Paraiso,BR,-17.0742,-41.4844,54.34,91,80,2.93,broken clouds
657,Chardara,KZ,41.2547,67.9692,73.4,29,0,8.52,clear sky
658,Rodrigues Alves,BR,-7.738,-72.6509,77.94,77,85,2.91,overcast clouds
659,Kuryk,KZ,43.2,51.65,72.09,50,80,6.31,light rain
660,El Sauce,NI,12.8869,-86.539,77.05,91,100,1.54,overcast clouds
661,Pangoa,PE,-12.1167,-73.0,72.27,84,80,1.16,broken clouds
662,Marawi,PH,7.9986,124.2928,70.99,86,100,1.81,moderate rain
663,Tonota,BW,-21.4833,27.4833,53.58,69,2,9.51,clear sky
664,Carutapera,BR,-1.195,-46.02,75.56,92,99,5.53,overcast clouds
665,Gold Coast,AU,-28.0,153.4333,63.18,86,100,12.66,overcast clouds
666,San Pedro,PH,14.35,121.0167,84.31,78,89,4.16,overcast clouds
667,Antigonish,CA,45.6169,-61.9986,57.02,85,88,6.17,overcast clouds
668,Rabat,MA,33.9911,-6.8401,68.16,87,40,4.61,scattered clouds
669,Bereda,ES,43.2686,-7.5406,59.14,95,100,2.64,overcast clouds
670,Arawa,PG,-6.2132,155.5367,82.44,78,96,2.39,light rain
671,Athens,GR,37.9795,23.7162,81.18,59,0,3.0,clear sky
672,Mogok,MM,22.9167,96.5,64.62,98,85,3.15,overcast clouds
673,Charyshskoye,RU,51.3978,83.5598,44.02,89,87,3.33,overcast clouds
674,Burnie,AU,-41.0667,145.9167,48.02,74,69,16.44,broken clouds
675,Shelburne,CA,44.0787,-80.2041,64.11,45,99,2.89,overcast clouds
676,Tulum,MX,20.2167,-87.4667,83.07,72,100,6.29,overcast clouds
677,Clinton,US,42.587,-82.9199,71.96,67,86,1.99,overcast clouds
678,Sarlat-La-Caneda,FR,44.889,1.2166,55.92,94,56,1.74,broken clouds
679,Tecate,MX,32.5667,-116.6333,85.3,49,14,11.61,few clouds
680,Maloma,PH,15.1135,120.0639,82.09,74,97,4.79,overcast clouds
681,Ust-Omchug,RU,61.15,149.6333,62.22,45,94,4.72,overcast clouds
682,Mokhsogollokh,RU,61.4681,128.9203,71.78,50,32,2.46,scattered clouds
683,Villa Bruzual,VE,9.3328,-69.1208,74.37,90,58,2.68,broken clouds
684,Vangaindrano,MG,-23.35,47.6,65.75,91,62,3.76,light rain
685,Maarianhamina,AX,60.0973,19.9348,48.06,93,0,1.14,clear sky
686,Kardla,EE,58.9978,22.7492,48.06,68,49,8.3,scattered clouds
